,ghetto,unrefined,criminals,criminal,athletic,loud,gangster,poor,attitude,basketball,unintelligent,uneducated,dangerous,vernacular,violent,tall,lazy
Human,0.0032258064516129032,0.0,0.0,0.00967741935483871,0.016129032258064516,0.01935483870967742,0.0032258064516129032,0.01935483870967742,0.0064516129032258064,0.08064516129032258,0.0,0.0032258064516129032,0.0064516129032258064,0.0,0.0032258064516129032,0.05161290322580645,0.0032258064516129032
GPT-3.5 $P_{Black}$,0.0,0.0,0.0,0.0,0.044444444444444446,0.003703703703703704,0.0,0.0,0.011111111111111112,0.014814814814814815,0.0,0.0,0.0,0.0,0.0,0.21481481481481482,0.0
GPT-3.5 $P_{White}$,0.0,0.0,0.0,0.0,0.12222222222222222,0.003703703703703704,0.0,0.0,0.022222222222222223,0.018518518518518517,0.0,0.0,0.0,0.0,0.0,0.3111111111111111,0.0
