,ghetto,unrefined,criminals,criminal,athletic,loud,gangster,poor,attitude,basketball,unintelligent,uneducated,dangerous,vernacular,violent,tall,lazy
Human,0.0032258064516129032,0.0,0.0,0.00967741935483871,0.016129032258064516,0.01935483870967742,0.0032258064516129032,0.01935483870967742,0.0064516129032258064,0.08064516129032258,0.0,0.0032258064516129032,0.0064516129032258064,0.0,0.0032258064516129032,0.05161290322580645,0.0032258064516129032
GPT-4 $P_{Black}$,0.0,0.0,0.0,0.0,0.15,0.005555555555555556,0.0,0.0,0.0,0.022222222222222223,0.0,0.0,0.0,0.0,0.0,0.4166666666666667,0.0
GPT-4 $P_{White}$,0.0,0.0,0.0,0.0,0.05555555555555555,0.0,0.0,0.0,0.011111111111111112,0.03333333333333333,0.0,0.0,0.0,0.0,0.0,0.2222222222222222,0.0
